Suppl. Table 3. List of the 634 TSS that had a -35 element [5'-TTG***-3'],,,,,
,,,,,
,,,,,
Legend,,,,,
1,TSS: ,coordinates of the transcription start site,,,
2,p-start: ,start coordinates of the -10 element,,,
3,p-end: ,end coordinates of the -10 element ,,,
4,strand: ,the strand the feature is located on,,,
5,reads: ,the number of sequence reads that start on the TSS ,,,
6,observed sequence:,"the nucleotide sequence, which was checked for the pattern TTG***",,,
,,,,,
,,,,,
,,,,,
,,,,,
1 TSS,2 p-start,3 p-end,4 strand,5 reads,6 observed sequence
1311440,1311447,1311452,rev,2033,TGGCTTGTTGAC
3398352,3398359,3398364,rev,646,AAGCCTTGACAA
1678974,1678962,1678967,fwd,602,TTGCTTGCCATT
484860,484868,484873,rev,327,TGTCTTGCCTTT
2453751,2453738,2453743,fwd,321,TCTATTGCTATT
189963,189970,189975,rev,269,AACTTGCCAAGG
2984862,2984850,2984855,fwd,252,ATTGTTGACATA
3224044,3224032,3224037,fwd,251,ATATTTTGACCA
2092388,2092376,2092381,fwd,220,GGCTTGTGTAAA
2087885,2087892,2087897,rev,155,GCTTGACAGAAC
1886879,1886867,1886872,fwd,153,CATTGCCCGATC
1014490,1014498,1014503,rev,151,CACATTGACAAA
2803338,2803346,2803351,rev,150,CCGTTTGGTCTA
1033844,1033832,1033837,fwd,147,CATTGGACAGAT
1816600,1816608,1816613,rev,136,TTTTGTTACAAA
1827227,1827215,1827220,fwd,134,TTGGGTGCAATT
1258333,1258340,1258345,rev,122,TTAGTTGGCGGT
636340,636328,636333,fwd,118,TTGACCCCCGGC
2269144,2269151,2269156,rev,109,CCTTGCGCAACT
1619751,1619739,1619744,fwd,98,GAGCTTGTCAAG
1816602,1816608,1816613,rev,97,TTTTGTTACAAA
1052431,1052419,1052424,fwd,76,CGGATTTGCCCC
1095807,1095814,1095819,rev,74,AACTTGCTCAAG
1284582,1284570,1284575,fwd,72,CCCTTGATTGTG
2290638,2290626,2290631,fwd,71,TTTGCACTCCTT
2215955,2215942,2215947,fwd,70,TTGCTTGGCTAG
2248539,2248526,2248531,fwd,69,AGGAGTTGCCCC
708147,708154,708159,rev,68,GAGTTGAATGCC
467159,467147,467152,fwd,67,TTGTTTCCCAAA
3317166,3317173,3317178,rev,65,TTTTTGCCATCC
2741378,2741366,2741371,fwd,61,CGTCATTGTCAA
1671919,1671906,1671911,fwd,59,CTCGTTGACAAA
811296,811303,811308,rev,56,GGGCTTGATATT
299452,299439,299444,fwd,52,CGATTGACAGGG
3164387,3164394,3164399,rev,52,ATATTGACAATA
618208,618214,618219,rev,50,TTATTGACTGTT
2538944,2538951,2538956,rev,50,ATGATTGACTCA
2791015,2791003,2791008,fwd,50,AGTTTGGCAAAA
695567,695555,695560,fwd,49,GCCTTGGCGATC
2234969,2234957,2234962,fwd,48,AAGCTTGACAAT
3026295,3026283,3026288,fwd,48,GTTTGTGAAACG
1488611,1488617,1488622,rev,47,AGCTTGTCAAAA
1427731,1427738,1427743,rev,43,TAGTCTTGACAG
1703076,1703083,1703088,rev,43,TTTGACGATACG
92545,92533,92538,fwd,41,TTCTTGCTAAAG
596455,596442,596447,fwd,39,TTGCCAACGATT
1985744,1985732,1985737,fwd,39,TCATTGAATTTT
1019660,1019648,1019653,fwd,38,TTTGCCCAAGAA
734945,734933,734938,fwd,37,CTGGTTTGCATT
941542,941530,941535,fwd,37,TCTTGCCTAGGG
1682329,1682337,1682342,rev,37,ACCATTGCTTAA
2471729,2471737,2471742,rev,37,AAAATTGTCAAG
618897,618885,618890,fwd,36,CGTATTTTGCTA
862219,862226,862231,rev,36,ACCATTGTCGTG
2706438,2706445,2706450,rev,36,ATTTGTTCCGTT
712803,712811,712816,rev,35,TGGCTTGGCAAA
3333119,3333126,3333131,rev,34,CCTGTTGACTTC
565954,565941,565946,fwd,33,TTGCTTAACCAT
2375060,2375047,2375052,fwd,33,TGGCTTGACAGG
927244,927250,927255,rev,32,AACTTTTGCAAA
691284,691292,691297,rev,31,ACTGATTTGCTT
2177093,2177101,2177106,rev,31,GGCTTGGCAGGT
1167287,1167294,1167299,rev,30,AGATTGATAGTT
3410410,3410398,3410403,fwd,30,AGATTTGGGGGA
3492038,3492045,3492050,rev,29,ATTAAATTGCTT
1146880,1146887,1146892,rev,28,TAATTGGCAACA
1700655,1700643,1700648,fwd,28,GCCTTGCGCCCT
1875001,1874990,1874995,fwd,28,GGGCTTGGTCTG
2804637,2804644,2804649,rev,28,GTTTTTGGCTCT
1820016,1820003,1820008,fwd,27,GCTGTTGGAGAG
2464486,2464474,2464479,fwd,26,TGGGGTTGATTA
842951,842959,842964,rev,25,TAATTTGACGGG
407326,407333,407338,rev,24,AACAGCTTGGAA
2225701,2225708,2225713,rev,23,TAAGTTGACAAA
2831068,2831057,2831062,fwd,23,AGATTTTGTCCC
3201660,3201647,3201652,fwd,23,ACCATTGTCAGT
2260229,2260218,2260223,fwd,22,CAGCTTGTCGAA
134029,134017,134022,fwd,21,TTGTCCGAGTCT
1823456,1823464,1823469,rev,21,AGCTTGCGGAAG
2453868,2453876,2453881,rev,21,GGTGTTGACTTT
3367370,3367378,3367383,rev,21,CAATTGTTAATT
2542776,2542784,2542789,rev,20,GTTGACAACAAG
158337,158325,158330,fwd,19,CGTTTGTTGCAC
656897,656903,656908,rev,19,CTGAATTGGTGA
1666909,1666897,1666902,fwd,19,TTTGACCAAAAC
2576033,2576021,2576026,fwd,19,AAGCTTGCATTT
3541769,3541776,3541781,rev,19,GGCTTTGACCCG
2414554,2414541,2414546,fwd,18,CTAGTTGTCAGG
183074,183062,183067,fwd,17,CTCTTGGCCCTG
282821,282828,282833,rev,17,AGTATTGCCAAT
1381726,1381713,1381718,fwd,17,GGGCTTGTTCGA
2475176,2475164,2475169,fwd,17,TAAATTGAGTGA
219884,219871,219876,fwd,16,CTTGGGCCCTTT
747122,747110,747115,fwd,16,CCATTGCTATTG
1385787,1385794,1385799,rev,16,AATATTTGCCAA
2084115,2084103,2084108,fwd,16,TTGGCAGTGGGC
2954793,2954800,2954805,rev,16,GGGTTTGAGCAA
106808,106816,106821,rev,15,GGTTTGACGGAA
491023,491012,491017,fwd,15,TGAATTGTTAAG
708511,708499,708504,fwd,15,TGATTGACGAAC
1552001,1552008,1552013,rev,15,ATTTTTGATCTG
3060473,3060481,3060486,rev,15,GCCTTGGTTGGT
349155,349143,349148,fwd,14,AAACTTTGGAAT
593116,593124,593129,rev,14,CCATTGCCATTA
767803,767791,767796,fwd,14,GGAGTTTGTTCC
915052,915059,915064,rev,14,TTTATTGACCGA
969431,969418,969423,fwd,14,ATCTTGAATCCG
361877,361864,361869,fwd,13,ATCCGTTGCATA
736311,736318,736323,rev,13,CATTGATTACAT
1684821,1684809,1684814,fwd,13,CTTGCCAATGGT
1751822,1751828,1751833,rev,13,AATTTTGGCGGG
2087884,2087892,2087897,rev,13,GCTTGACAGAAC
2265073,2265080,2265085,rev,13,ATGCTTGTGGTG
2407020,2407009,2407014,fwd,13,TCCTTGCTTGTT
3035059,3035047,3035052,fwd,13,TTTGCTCGAATT
3552989,3552997,3553002,rev,13,ACTATTGCAACT
77446,77453,77458,rev,12,GTGCTTGCCCTG
1141984,1141992,1141997,rev,12,AGACTTGCCATG
1544697,1544704,1544709,rev,12,GGTTTGATCTCC
1655724,1655712,1655717,fwd,12,TTTGACGGGGGT
1949202,1949210,1949215,rev,12,AAATCTTGCCAG
2744949,2744937,2744942,fwd,12,CTGATTGATGTT
2775295,2775283,2775288,fwd,12,TTGGTAATTTTA
3194013,3194020,3194025,rev,12,CTGCAATTGGGC
3351512,3351519,3351524,rev,12,ATTGCAGTGATT
610937,610924,610929,fwd,11,GCCCTTGGAATT
749124,749112,749117,fwd,11,CATTGGGCAAAG
842950,842956,842961,rev,11,TTTGACGGGGAT
993466,993454,993459,fwd,11,CATGGGTTGACC
1127552,1127539,1127544,fwd,11,ATCCGGTTGAGC
1302982,1302989,1302994,rev,11,GTTTTGCCATTT
1924223,1924211,1924216,fwd,11,TCTTGAGACATC
2156403,2156391,2156396,fwd,11,AATATTTGCCAA
2453870,2453876,2453881,rev,11,GGTGTTGACTTT
2548028,2548016,2548021,fwd,11,AAATTGTAGGAA
2607663,2607651,2607656,fwd,11,TGCGGTTTGGAA
3048910,3048897,3048902,fwd,11,AATTTTGACGGC
3182260,3182267,3182272,rev,11,AAAATTTGAGTT
3235415,3235402,3235407,fwd,11,CCCCTTTGTTTG
3532529,3532516,3532521,fwd,11,CATTGGCTCCAT
110366,110354,110359,fwd,10,TTCGTTGACAAG
204565,204552,204557,fwd,10,TTTGCTCCAGAG
298964,298971,298976,rev,10,TTGAGTTTCCCC
553241,553230,553235,fwd,10,TATTTGAGTTTC
593006,592994,592999,fwd,10,GTTGAAAACATC
708144,708152,708157,rev,10,GTTGAATGCCGA
1334127,1334134,1334139,rev,10,GATGGATTGCTT
1344466,1344454,1344459,fwd,10,TTGAGGACACCG
1563100,1563088,1563093,fwd,10,TTGGGGCAGGAA
1815407,1815414,1815419,rev,10,CAGATTGAAAAA
2071922,2071910,2071915,fwd,10,GCCTTGGCCAAA
2105813,2105801,2105806,fwd,10,AGGATTGGTTCC
2205702,2205690,2205695,fwd,10,AACTTGCAGAGA
2820339,2820346,2820351,rev,10,ATTGGGAACATA
2946176,2946183,2946188,rev,10,TGCTTGGTGACC
3011512,3011519,3011524,rev,10,AAATTGTCCTAG
3433018,3433025,3433030,rev,10,GCCCTTGGCTAG
458366,458372,458377,rev,9,AGTTTGACTTTA
491892,491879,491884,fwd,9,TTTGGGTTTGGC
583678,583686,583691,rev,9,GGGTTGGACAAA
915855,915862,915867,rev,9,CTCTTTGGCAAT
1504239,1504228,1504233,fwd,9,ATATTGCCAGGG
1798752,1798759,1798764,rev,9,ACTCTTGCAAAT
2416782,2416770,2416775,fwd,9,CTTGATGGGATG
2745852,2745841,2745846,fwd,9,GCTTGCTTAGCG
2871408,2871396,2871401,fwd,9,TTTTGGAACCGA
3169300,3169307,3169312,rev,9,GTTTGGAGACTT
3296914,3296902,3296907,fwd,9,TATTTTGCAGGG
7210,7218,7223,rev,8,GCTGTTGGAGAG
270519,270526,270531,rev,8,TTTTTGGCAGCT
298153,298140,298145,fwd,8,ATGGTTGCGGTC
403493,403482,403487,fwd,8,TCAATCTTGACC
553007,553014,553019,rev,8,GGCTTGTCATTT
604996,605003,605008,rev,8,AATATTTGCCAA
744793,744800,744805,rev,8,TTGTCCCGGTGG
818295,818302,818307,rev,8,TTGTTGATTCTG
1050920,1050909,1050914,fwd,8,TATTGAAACGTA
1211960,1211967,1211972,rev,8,TATTGACGCAGA
1780061,1780049,1780054,fwd,8,TTGGAGTTTCTA
1793791,1793780,1793785,fwd,8,CAAAATTGGCTT
1880854,1880841,1880846,fwd,8,AAGCTTGGAAAA
2006821,2006809,2006814,fwd,8,ATTTGACCAAAC
2265836,2265843,2265848,rev,8,ATTGCCATCCAG
2382582,2382588,2382593,rev,8,TTGTTGGCGGGC
2411522,2411530,2411535,rev,8,TTTGCGCCAATT
2526565,2526553,2526558,fwd,8,TTAGCTTGCTAT
2570286,2570294,2570299,rev,8,TTTTGGTACTGT
2674273,2674280,2674285,rev,8,ACATTGTCATAA
2683253,2683260,2683265,rev,8,CCCAGGTTGAAA
2699285,2699293,2699298,rev,8,GGAGTTGTTGGA
2958961,2958948,2958953,fwd,8,TTGCTTGTCTTT
3063069,3063076,3063081,rev,8,ACCAATTTGCTG
12851,12858,12863,rev,7,GTTGTTCCATCG
38584,38571,38576,fwd,7,TGGCTTGACGCA
46074,46081,46086,rev,7,ATGCCATTGTCA
78465,78472,78477,rev,7,CTTGGCAAACGG
209873,209881,209886,rev,7,CGTTGCTTTGGT
266978,266966,266971,fwd,7,GTTGTCAGAGGA
386177,386165,386170,fwd,7,TTGCTGTCGAAC
402659,402666,402671,rev,7,GTTGTTGCAGCA
434503,434510,434515,rev,7,AAGCTTGGGTTT
554233,554221,554226,fwd,7,GCTATGTTGGGG
845951,845959,845964,rev,7,TTGATCAAGCGG
1476687,1476676,1476681,fwd,7,CATTGCCCCTTC
1680464,1680471,1680476,rev,7,AAATTTGTCCAT
1875002,1874990,1874995,fwd,7,GGGCTTGGTCTG
1945363,1945351,1945356,fwd,7,CGTTGGCTATGG
1957509,1957498,1957503,fwd,7,GAGTTTGACAAA
2099485,2099473,2099478,fwd,7,ATTGAACCGGCG
2312895,2312902,2312907,rev,7,GTTGGGCGATAA
2365808,2365796,2365801,fwd,7,ATTGGCTCCATT
2644755,2644744,2644749,fwd,7,AAACCTTTGTGT
2658818,2658805,2658810,fwd,7,TGTTTGGAAAAC
2797995,2797983,2797988,fwd,7,GGCATTGCCAAA
2884209,2884196,2884201,fwd,7,TGGTTGGCGTAA
2947445,2947433,2947438,fwd,7,GCGTTGGAGCAA
2973179,2973167,2973172,fwd,7,CGTTGGGAATGC
3011864,3011871,3011876,rev,7,GTTTTTGTTCCA
3352562,3352550,3352555,fwd,7,ATTGGTTAGGTG
32424,32430,32435,rev,6,GAGCAATTGTGA
154698,154686,154691,fwd,6,TTGCCGCCCCTG
213915,213923,213928,rev,6,GGAAGTTGCTCC
297994,297981,297986,fwd,6,ATTTTGGGAGGT
437435,437422,437427,fwd,6,ATAGATTGCAAG
570589,570597,570602,rev,6,AACATTGACTGA
593846,593833,593838,fwd,6,AAAGTTGATCCG
631633,631640,631645,rev,6,ATACCGTTGCAA
646601,646608,646613,rev,6,TGATTGCTGTAA
771595,771603,771608,rev,6,AGTTTGGAACGC
917037,917044,917049,rev,6,TTTGAGGGGAGC
997927,997935,997940,rev,6,AAACTTGCAGAG
1048501,1048489,1048494,fwd,6,TTGACAGAGAGC
1253240,1253246,1253251,rev,6,AGTGGTTTGACA
1263897,1263885,1263890,fwd,6,CCTTTGCCAGTC
1371254,1371261,1371266,rev,6,AGTTTGCCCTTT
1455362,1455350,1455355,fwd,6,TATTGACGCAGA
1504580,1504587,1504592,rev,6,TTTGCCCAGGAT
1604187,1604194,1604199,rev,6,CAGGTTGGCAAA
1808816,1808824,1808829,rev,6,TTCTTGCCAATG
1906076,1906083,1906088,rev,6,TTGACTTCTGGG
1906081,1906088,1906093,rev,6,TTCAGTTGACTT
2179481,2179469,2179474,fwd,6,TTGGTTAACAGA
2192397,2192385,2192390,fwd,6,TTTGCGTCGCTC
2205297,2205285,2205290,fwd,6,AGCGTTGACTAG
2226665,2226654,2226659,fwd,6,GCCTTTGAAGCA
2699222,2699210,2699215,fwd,6,TGGCTTGATCTT
2794402,2794390,2794395,fwd,6,TGTTGAGGGTAA
2845100,2845107,2845112,rev,6,GGCCTTTGCCAA
2884971,2884978,2884983,rev,6,CATTGATGTTAA
3038828,3038816,3038821,fwd,6,TGGTTGAATTTG
3177484,3177491,3177496,rev,6,TGGTTGACCAAG
3311619,3311607,3311612,fwd,6,AATTCTTTGTCA
3336297,3336284,3336289,fwd,6,TTTTTTGGAAAT
69740,69747,69752,rev,5,TTTTGAAACGAT
163698,163706,163711,rev,5,ATTTGTCATTGG
286055,286063,286068,rev,5,TTTTTGAGATTT
465669,465657,465662,fwd,5,CTTTGGCCATGG
476710,476698,476703,fwd,5,TTGGGAAAACTT
708160,708148,708153,fwd,5,GGGCTTGCTTGC
732376,732364,732369,fwd,5,TTGTTGTTCTAG
750611,750599,750604,fwd,5,GTTGCCCATGGT
941539,941527,941532,fwd,5,AGGTCTTGCCTA
1034924,1034912,1034917,fwd,5,CATTGCCTTTTT
1042347,1042335,1042340,fwd,5,GCTTTGGCACGT
1096994,1096981,1096986,fwd,5,CTTGCCCCCTTT
1137168,1137174,1137179,rev,5,ATTGCTGGACCT
1180687,1180695,1180700,rev,5,TTGGGGACTTAA
1223210,1223198,1223203,fwd,5,AAGAGTTTGTCC
1326659,1326666,1326671,rev,5,AACCTTGCCCGA
1401483,1401470,1401475,fwd,5,GGGTTGACAGTG
1468131,1468119,1468124,fwd,5,TTGTTACCGTTA
1563391,1563379,1563384,fwd,5,GGGTTTGAGTTG
1665833,1665820,1665825,fwd,5,CCTTGAGGGTGA
1861415,1861402,1861407,fwd,5,TTGGTTACAATT
1919876,1919882,1919887,rev,5,AGGTTGACAGCG
1938973,1938980,1938985,rev,5,AGATTGTGTTGT
2058371,2058359,2058364,fwd,5,CTTGAAATTTCT
2219315,2219323,2219328,rev,5,TTGCTGAATAGC
2240150,2240137,2240142,fwd,5,GCGGTTGGGGAC
2274373,2274380,2274385,rev,5,GTTGCCTCGGGC
2404983,2404971,2404976,fwd,5,CGTTGCCCCGTT
2422099,2422086,2422091,fwd,5,ATAATTTTGAAC
2545087,2545095,2545100,rev,5,TTTTGATGGGAG
2799650,2799638,2799643,fwd,5,TGGGTTGCCGAA
2837572,2837580,2837585,rev,5,ATCATTGCCTGA
2932708,2932714,2932719,rev,5,TGCGTTGGCATG
3316888,3316896,3316901,rev,5,TTTGTTTGGCTC
3342214,3342222,3342227,rev,5,GCTTGCCGTCAA
145766,145773,145778,rev,4,GGTTTGGCTGGT
202505,202493,202498,fwd,4,GTTGATGCCGCG
204504,204511,204516,rev,4,TTGCCTCCTCTG
206958,206946,206951,fwd,4,GCATTTGATAAA
215217,215225,215230,rev,4,AGTTGAGGTAGT
219825,219832,219837,rev,4,TATGTTGTCAAA
279502,279509,279514,rev,4,CTGTGGTTGCTA
303799,303787,303792,fwd,4,TTTTGACAATTT
436178,436185,436190,rev,4,CCTCTTGTGAAC
522991,522998,523003,rev,4,CGCATTTTGGAT
834474,834462,834467,fwd,4,GGGATTGTTGGA
867427,867414,867419,fwd,4,AAACGCTTGGCC
899123,899131,899136,rev,4,CTGTTTGTTCCC
900262,900269,900274,rev,4,TGATTGGCTATG
915238,915226,915231,fwd,4,GTGTTGCACTGG
935569,935577,935582,rev,4,TTGGGGATCACT
994307,994294,994299,fwd,4,CGAAAATTGTCC
1044747,1044754,1044759,rev,4,AAAATTGTTTTT
1050584,1050592,1050597,rev,4,TTGTACTAAAAC
1089182,1089189,1089194,rev,4,TTGCCCCGTTTT
1111464,1111452,1111457,fwd,4,GTTGTTCAGTGC
1154777,1154766,1154771,fwd,4,TGCCCTTGCACT
1290470,1290458,1290463,fwd,4,AATTTTGGGGAC
1304623,1304631,1304636,rev,4,TTAATTGACGCC
1400923,1400930,1400935,rev,4,ATTTGGAGGCAG
1466951,1466958,1466963,rev,4,TTGTTTGTCTTT
1547917,1547924,1547929,rev,4,CCCCTTGATTAT
1678733,1678740,1678745,rev,4,ATTTGCTCACTT
1688193,1688200,1688205,rev,4,ATTGCTAAAATG
1699330,1699338,1699343,rev,4,TTGATGCTCAGC
1763624,1763631,1763636,rev,4,TCGATTTTGGAA
1777472,1777479,1777484,rev,4,TGGTTGGACCCC
1777672,1777660,1777665,fwd,4,TTTTGAAGGGTT
1858594,1858582,1858587,fwd,4,TTGGTCTAGATT
1861219,1861207,1861212,fwd,4,AGATTTGGAGCC
1865513,1865501,1865506,fwd,4,GCTTTGTTGATT
1878390,1878397,1878402,rev,4,GGTTGCTCGACT
1980006,1979993,1979998,fwd,4,TTGCTTGGCCTC
2123615,2123622,2123627,rev,4,TTGTAACATTTT
2128736,2128724,2128729,fwd,4,TTGTCTATTTTA
2146618,2146606,2146611,fwd,4,TTTGGCCGCCAT
2163252,2163260,2163265,rev,4,CTAGGATTGTTG
2250609,2250616,2250621,rev,4,GTTGGAGCCTAG
2267081,2267068,2267073,fwd,4,ACCGTTGACCAG
2270391,2270398,2270403,rev,4,CCCTTGTGGAAT
2306654,2306661,2306666,rev,4,TCAAATTGAGCA
2308687,2308694,2308699,rev,4,AACCAGTTGGTG
2382748,2382736,2382741,fwd,4,GCTTGAACCTCA
2406492,2406480,2406485,fwd,4,CTTTTTTGTTTT
2407493,2407481,2407486,fwd,4,TTTGGCTTTACG
2555519,2555507,2555512,fwd,4,TTTTGCGGTGGA
2648418,2648406,2648411,fwd,4,CAATTTGTCTTC
2708983,2708991,2708996,rev,4,ACGTTTGAACAT
2730253,2730260,2730265,rev,4,CCTTGACGTTCC
2812390,2812398,2812403,rev,4,TTATTTGTTAAA
2845681,2845669,2845674,fwd,4,AATATATTGTTT
2857454,2857461,2857466,rev,4,TTTTGCCTATTT
2895199,2895186,2895191,fwd,4,GTGTTGCAGGAG
2958230,2958237,2958242,rev,4,ATTGCTTTCACT
2984861,2984850,2984855,fwd,4,ATTGTTGACATA
2991971,2991978,2991983,rev,4,CACAATTGTTCC
3123127,3123115,3123120,fwd,4,GGGGTTGATCAA
3154702,3154709,3154714,rev,4,CTTTGGCGACCC
3198692,3198681,3198686,fwd,4,AAGGATTGGGGG
3313517,3313504,3313509,fwd,4,GTTGGGGCACAT
3322944,3322951,3322956,rev,4,TTGCTGGTGAGC
3330165,3330153,3330158,fwd,4,TTTGGCGCTGAT
3419464,3419452,3419457,fwd,4,TTGCTTGATCAC
3424391,3424379,3424384,fwd,4,GCTTGGTTAATG
3428456,3428445,3428450,fwd,4,TCGTTTGTCTAT
3460034,3460042,3460047,rev,4,TTGGGCATCCAC
3498870,3498858,3498863,fwd,4,GGCTTGAGCAAA
3501696,3501703,3501708,rev,4,AACTTGGTGCGA
20964,20952,20957,fwd,3,TCAATTGTTTTT
102700,102707,102712,rev,3,GGTGTTGCAGAG
167538,167527,167532,fwd,3,GCATTGGAGCCC
168421,168408,168413,fwd,3,CTTGCCCACGAA
169782,169770,169775,fwd,3,ATTTGGATATTT
183446,183454,183459,rev,3,GCTTGAACTCCT
245223,245231,245236,rev,3,GATTGGCATTAT
249079,249086,249091,rev,3,TTGCCACCAAGT
289186,289194,289199,rev,3,TCAATTGATTTG
305874,305881,305886,rev,3,CGCCATTGACAT
342140,342147,342152,rev,3,AAGTTGGCATGG
386234,386242,386247,rev,3,GTTTGGACTAAA
419547,419554,419559,rev,3,AGTTGTGTAGAG
515643,515630,515635,fwd,3,TTGCTGAAAATA
541591,541598,541603,rev,3,CCGTTTGCCTTG
554301,554288,554293,fwd,3,ATTCCTTGGCCT
555222,555230,555235,rev,3,TGGGAATTGATT
596546,596534,596539,fwd,3,CCCCTATTGAAC
848969,848956,848961,fwd,3,ATTGGTTCGATG
867573,867562,867567,fwd,3,TTTGGGCCCTGG
878287,878294,878299,rev,3,AGGTTGTTTACC
879095,879083,879088,fwd,3,CTTTGGCTTTCC
925485,925492,925497,rev,3,CGTGATTGAAGT
953435,953442,953447,rev,3,TAAAAGTTGTCC
983895,983901,983906,rev,3,TCTTTTGCTGAC
1050924,1050911,1050916,fwd,3,TTGAAACGTAAA
1051081,1051087,1051092,rev,3,GTTGAAGACAAA
1092923,1092930,1092935,rev,3,CCTTGGATAACC
1098107,1098095,1098100,fwd,3,CAATTGGCTGCC
1108802,1108790,1108795,fwd,3,CGGTTTGGGAGT
1203876,1203864,1203869,fwd,3,TAAGATTGCTTT
1211111,1211119,1211124,rev,3,TCCATTGGTAAG
1247630,1247637,1247642,rev,3,TAACGTTGCCCC
1273401,1273388,1273393,fwd,3,CCATTGTCAGCC
1430912,1430918,1430923,rev,3,GTTGAATAATTA
1467997,1468004,1468009,rev,3,TTGGCATACTAA
1488816,1488804,1488809,fwd,3,TATTTTGCCCTC
1547021,1547028,1547033,rev,3,CCCATTGACTAA
1547155,1547143,1547148,fwd,3,CCATTGCCATGG
1585123,1585130,1585135,rev,3,TTGCCCCAGCTT
1593573,1593580,1593585,rev,3,TCTTGATCCGGT
1601851,1601839,1601844,fwd,3,TCCCTTGACCTA
1666891,1666898,1666903,rev,3,CTGATTGTCTAG
1688637,1688643,1688648,rev,3,CCAATTGTCGGT
1728613,1728619,1728624,rev,3,TACTTGACTATT
1738138,1738144,1738149,rev,3,CCTTGACAAACC
1788449,1788455,1788460,rev,3,GCCGTTGAATAA
1805499,1805486,1805491,fwd,3,CATTGGTATTTG
1830533,1830539,1830544,rev,3,TTTGAGAGTATT
1845779,1845767,1845772,fwd,3,ATTTGTTAGCGG
1912156,1912143,1912148,fwd,3,ATGGCTTGGCCC
1921746,1921733,1921738,fwd,3,TTTGGCTGAAGC
1984993,1985000,1985005,rev,3,TCTTTGCCAAGG
2004576,2004563,2004568,fwd,3,CGCTTGCCGGGA
2026642,2026630,2026635,fwd,3,CCGTTGGGCCTG
2068880,2068867,2068872,fwd,3,GTTTTGGGCCAA
2073040,2073028,2073033,fwd,3,TCCCCATTGTCC
2085915,2085903,2085908,fwd,3,AATTATTGCACA
2095783,2095790,2095795,rev,3,CTTTGAGCCAGG
2168620,2168608,2168613,fwd,3,TTTATTGAAAAT
2241357,2241344,2241349,fwd,3,TAGTTTGGTTTC
2282748,2282736,2282741,fwd,3,TTTGACAATTGG
2304045,2304032,2304037,fwd,3,TCCTTGAAAAAA
2388633,2388640,2388645,rev,3,ATTTGTCCAACT
2394740,2394747,2394752,rev,3,TTCGTTGAGAAC
2485282,2485289,2485294,rev,3,CTTCCTTGTCAA
2493926,2493914,2493919,fwd,3,TTGCCAGCGCAT
2510992,2510981,2510986,fwd,3,ATTTTGCTTGAG
2535313,2535320,2535325,rev,3,TTTGGATTAGGG
2686236,2686243,2686248,rev,3,GGTTTGGGGATT
2722091,2722079,2722084,fwd,3,CCATTGCCAATG
2747550,2747537,2747542,fwd,3,GAGCTTGGGTTA
2762992,2762998,2763003,rev,3,AATTTGAAGATT
2763734,2763741,2763746,rev,3,CCATTTGGCAAA
2797105,2797092,2797097,fwd,3,CATTGACAGCCA
2835482,2835469,2835474,fwd,3,ATGTTTGATATA
2862588,2862576,2862581,fwd,3,GGATAGTTGATG
2869026,2869014,2869019,fwd,3,ACCTTTGGGATT
2869665,2869654,2869659,fwd,3,TCATTGAAGCTA
2869763,2869751,2869756,fwd,3,ATTGTTATCTTT
2889998,2889987,2889992,fwd,3,CCTTTTTGTACC
2900607,2900614,2900619,rev,3,CAGTTTTTGCAT
2906746,2906734,2906739,fwd,3,AACTTTTGGCAA
3027370,3027358,3027363,fwd,3,TTGCGTTCGGAT
3066657,3066664,3066669,rev,3,CCGATTGGCTAT
3197397,3197404,3197409,rev,3,ACCGTTGTCCCC
3347045,3347033,3347038,fwd,3,CCATTGCCGCAG
3362859,3362867,3362872,rev,3,TTTGGGCATAGA
3394905,3394893,3394898,fwd,3,AATAGCTTGAAA
3444872,3444879,3444884,rev,3,TTGTTTGAAAAT
3463063,3463071,3463076,rev,3,AATTTGCGCGAC
3283,3272,3277,fwd,2,GTTTGATAAATT
100880,100888,100893,rev,2,ATTGGCCAAAAA
115174,115162,115167,fwd,2,TTTTGGGAACCC
133899,133887,133892,fwd,2,GAAAGGTTGATA
215356,215344,215349,fwd,2,CGCTGTTGGTGA
257197,257204,257209,rev,2,GCTTGGTCCCGG
261844,261852,261857,rev,2,TTTGACCTATTT
310185,310192,310197,rev,2,AAATTGACAAAA
321798,321805,321810,rev,2,TTTGGACGGCAT
326057,326046,326051,fwd,2,CTTTGGGGATTG
357300,357308,357313,rev,2,GCTAAATTGCTG
359232,359220,359225,fwd,2,CATTGACCGTTT
373543,373550,373555,rev,2,TTTCTTGACTTT
374151,374139,374144,fwd,2,AAATTGTTGGGC
381354,381341,381346,fwd,2,CTCAGTTGTTGC
387762,387768,387773,rev,2,TGGTTGCTGTTC
390548,390536,390541,fwd,2,TTGGGGGCGATC
458382,458370,458375,fwd,2,AAATAATTGAGG
458856,458844,458849,fwd,2,GGATTGTAGTCG
486752,486739,486744,fwd,2,GGCATTGAGATG
487313,487321,487326,rev,2,ATGTTGACAGTT
491486,491475,491480,fwd,2,GATTGTGGGGTT
547665,547654,547659,fwd,2,CGTAGTTGTCCT
561257,561244,561249,fwd,2,GTTGCAGGCTAT
562371,562378,562383,rev,2,TTGCTGCAAAGT
583820,583828,583833,rev,2,AGTATTGTTGAG
614708,614697,614702,fwd,2,TGTGTTGCGCCG
640233,640221,640226,fwd,2,TTGTTGCCCTGT
648245,648253,648258,rev,2,CGTAACTTGAAA
649251,649259,649264,rev,2,CGCTTGTTGTAA
669844,669831,669836,fwd,2,CTGATTGCTTAA
671788,671795,671800,rev,2,GGTTGGTGCCGG
692674,692681,692686,rev,2,CATTGTTCCCAT
692722,692729,692734,rev,2,TGCTTGATTTTA
702290,702297,702302,rev,2,CCTTTGATCGTC
732755,732763,732768,rev,2,GTTGAGGAGCAG
733296,733302,733307,rev,2,TTGTCGACCTTA
734641,734649,734654,rev,2,GTTAGTTGAATA
755986,755973,755978,fwd,2,TTATTTGAGCTT
781263,781250,781255,fwd,2,ACTATTGACGGG
790678,790666,790671,fwd,2,GCTTGACCCCGC
795076,795064,795069,fwd,2,TCTGTGTTGCGG
826431,826439,826444,rev,2,CCCATTGCAGAT
829054,829062,829067,rev,2,CTGTTGTTAATT
851047,851035,851040,fwd,2,AATTGAGCGAAA
862258,862265,862270,rev,2,CGCTTTGAAGTG
891238,891226,891231,fwd,2,TCACAATTGTCC
932042,932030,932035,fwd,2,AACACTTGCCAC
932700,932687,932692,fwd,2,ATTGGGTTAAGT
950619,950606,950611,fwd,2,CTATTGCGTCGC
963939,963947,963952,rev,2,TTGTAACTGAAA
979180,979168,979173,fwd,2,AATTGGTGGGTT
1079107,1079094,1079099,fwd,2,TTGCCATGGCCA
1084283,1084270,1084275,fwd,2,CAAATTTGTACT
1102035,1102024,1102029,fwd,2,TTTGGCCATGCG
1116317,1116305,1116310,fwd,2,AGCTTGCAACGA
1148141,1148129,1148134,fwd,2,TGGTATTTGTTA
1149686,1149692,1149697,rev,2,GCATTGCCATCC
1173642,1173650,1173655,rev,2,CTTGATCCCGAA
1174500,1174507,1174512,rev,2,GCCATTGGCGGC
1214164,1214152,1214157,fwd,2,CATTAATTGCTT
1246525,1246513,1246518,fwd,2,AAATATTTGCTG
1260944,1260951,1260956,rev,2,TTTGACCAGGGG
1262017,1262004,1262009,fwd,2,GCGCCTTGTTGG
1277415,1277423,1277428,rev,2,CCGGTTTGGTTT
1293782,1293789,1293794,rev,2,CTTGTTGACTAA
1319364,1319371,1319376,rev,2,GATTGCCCTGAA
1385120,1385127,1385132,rev,2,CCGATTGGCTAT
1413998,1413986,1413991,fwd,2,ACTTGCCAAAAA
1418990,1418997,1419002,rev,2,TTTTTGGCTGGC
1419713,1419701,1419706,fwd,2,TTTGCTTTCTTT
1434816,1434804,1434809,fwd,2,TTTTGGATATAA
1474102,1474109,1474114,rev,2,GTTGGTGTTGCG
1488633,1488621,1488626,fwd,2,CTGGGATTGTTG
1515364,1515372,1515377,rev,2,TTGGCGGAACCC
1527106,1527112,1527117,rev,2,TTGCGGTAAAAC
1588558,1588545,1588550,fwd,2,GCAATTTGTTGC
1590297,1590285,1590290,fwd,2,TCGTGCTTGGGC
1598922,1598910,1598915,fwd,2,CTTTGGGGCCGG
1631746,1631752,1631757,rev,2,GTTGTTTCTGTA
1644768,1644776,1644781,rev,2,TTGGGCTGATCT
1655712,1655719,1655724,rev,2,AAGTTTGAGTTA
1719599,1719587,1719592,fwd,2,GTTGTCGTAAAT
1721176,1721184,1721189,rev,2,CATCTTTGCTTT
1725174,1725163,1725168,fwd,2,CTTGGGCAGCTT
1778002,1778009,1778014,rev,2,TTTGCTTTTGAA
1811138,1811126,1811131,fwd,2,ACTATTGCTATA
1820372,1820359,1820364,fwd,2,ATTGGCCCCTGT
1857194,1857182,1857187,fwd,2,TTTTATTGGTCA
1862469,1862476,1862481,rev,2,TGTTGCTCCAGT
1870741,1870748,1870753,rev,2,ACGTTGAAGTTC
1871923,1871930,1871935,rev,2,CCCCTATTGGAC
1952431,1952419,1952424,fwd,2,TTTGATTACGAA
1978008,1978016,1978021,rev,2,TTATTGGAGTAG
1995697,1995686,1995691,fwd,2,GGTTTGCAGTTC
2039320,2039328,2039333,rev,2,GCTTTTGCACGA
2049909,2049897,2049902,fwd,2,GGTATTTTGCAA
2075065,2075072,2075077,rev,2,TTGCTTTGAGTG
2086003,2086011,2086016,rev,2,TGAGCATTGTTC
2090056,2090063,2090068,rev,2,GCACTTGCTGGG
2103947,2103955,2103960,rev,2,TTGGGTTACCGC
2131086,2131074,2131079,fwd,2,AAATTGCTGATT
2147814,2147822,2147827,rev,2,CATTGTCCATGC
2149272,2149260,2149265,fwd,2,GTTTGACTAGTT
2173104,2173092,2173097,fwd,2,TTGGAAATAATC
2176289,2176296,2176301,rev,2,CAGTTGATTGAG
2198126,2198113,2198118,fwd,2,GTTGTTGACCAC
2214944,2214951,2214956,rev,2,TGCGTTGCACCC
2222268,2222275,2222280,rev,2,GTCTTGTTCAAG
2287098,2287105,2287110,rev,2,AGGCTTGACGGG
2291622,2291610,2291615,fwd,2,GGATTTGCCGAT
2291819,2291807,2291812,fwd,2,TTTGTCGACAAA
2306836,2306843,2306848,rev,2,ATTTTTTTGCTA
2329186,2329174,2329179,fwd,2,ACCGGATTGCTA
2351032,2351020,2351025,fwd,2,GTTTTGCAGACG
2372362,2372351,2372356,fwd,2,CTGATTGGAGTC
2385158,2385166,2385171,rev,2,ATTGTTGCTGTT
2410024,2410012,2410017,fwd,2,TACGGTTGTTGA
2414823,2414830,2414835,rev,2,ATTGTGGTGCTG
2437395,2437403,2437408,rev,2,GCTAATTTGAGT
2476702,2476710,2476715,rev,2,GGATTGGATAAA
2503971,2503979,2503984,rev,2,ATTTGCCCTTAC
2526566,2526553,2526558,fwd,2,TTAGCTTGCTAT
2532615,2532602,2532607,fwd,2,ATTGCCCAAAAA
2549977,2549984,2549989,rev,2,CTTGAGCTGACC
2601618,2601606,2601611,fwd,2,CTGTTTTGGAAA
2613620,2613608,2613613,fwd,2,TTTGCTAAAGAA
2642791,2642799,2642804,rev,2,GGAATTGCCCAT
2658835,2658823,2658828,fwd,2,TGGGTTTGGTAG
2707724,2707711,2707716,fwd,2,GACATTGTGCAG
2717383,2717390,2717395,rev,2,AGGGTTGTATTG
2744665,2744653,2744658,fwd,2,ATTTGACCGGGA
2771397,2771384,2771389,fwd,2,AGCCCATTGGCC
2793606,2793593,2793598,fwd,2,AGGCATTGAAGC
2803177,2803185,2803190,rev,2,AGACTTGAGTGA
2805959,2805946,2805951,fwd,2,GTTGAATTGGAA
2813476,2813484,2813489,rev,2,ATCGTTGGATTA
2817164,2817171,2817176,rev,2,GATTGAAAATAT
2822721,2822729,2822734,rev,2,GCATTGTTAACT
2823001,2822989,2822994,fwd,2,AAAATTGATAAA
2828904,2828892,2828897,fwd,2,AATTTGCCAGGA
2848396,2848384,2848389,fwd,2,CTTATTTGCTCT
2874114,2874101,2874106,fwd,2,AGTTGGCCGATC
2881253,2881240,2881245,fwd,2,ACCATTGCTTAA
2885828,2885816,2885821,fwd,2,CTTTGGCTATCG
2904542,2904530,2904535,fwd,2,TGCTTGATGGCC
2909678,2909685,2909690,rev,2,ATTTGCCAAGAA
2937604,2937611,2937616,rev,2,AATTGTCCCTCA
2948167,2948155,2948160,fwd,2,GCGATTGGGTCT
2962829,2962817,2962822,fwd,2,TTGTAGTACGGG
2963264,2963272,2963277,rev,2,AACTTGGTGCTC
2966699,2966687,2966692,fwd,2,TGCTTGGAAACC
2971820,2971828,2971833,rev,2,AATTTTGCTTTA
3010428,3010415,3010420,fwd,2,AACCATTGGGAA
3028781,3028770,3028775,fwd,2,CTTGCACCCTCA
3047751,3047739,3047744,fwd,2,TCATGGTTGACT
3049958,3049946,3049951,fwd,2,TTGATAATCAAA
3111980,3111968,3111973,fwd,2,TAAATTGCCAAA
3119507,3119515,3119520,rev,2,GGATTTGCGATC
3138861,3138869,3138874,rev,2,TTTGCCTTGCCC
3139084,3139091,3139096,rev,2,GAATTTGCCATT
3139981,3139969,3139974,fwd,2,AATGATTGTCCC
3234050,3234037,3234042,fwd,2,TTACGGTTGCAT
3287331,3287319,3287324,fwd,2,CCTGTTGAAACT
3290568,3290576,3290581,rev,2,CCTATTTGTTTA
3291101,3291089,3291094,fwd,2,ACCTTTGGCCAT
3296393,3296400,3296405,rev,2,CATATTGCCCTT
3331597,3331585,3331590,fwd,2,TGGTTGCAGCGG
3342832,3342819,3342824,fwd,2,GTTGGGATAGTT
3355104,3355091,3355096,fwd,2,TTTGCTTCGTGT
3361815,3361802,3361807,fwd,2,TGTTGAATACCA
3362830,3362837,3362842,rev,2,AATTGAAACTAG
3427616,3427623,3427628,rev,2,ATTTTGACGACC
3428321,3428308,3428313,fwd,2,CAATTGCGCTAA
3439412,3439399,3439404,fwd,2,TGCTTGTCGCCA
3458192,3458181,3458186,fwd,2,GGTTTGAAGACT
3465380,3465387,3465392,rev,2,TTGCTTTGCGAG
3473024,3473031,3473036,rev,2,CAATTGATCCTG
3488520,3488526,3488531,rev,2,TTCTTGCTAGTG
3488908,3488897,3488902,fwd,2,AACCCTTTGTTT
3498719,3498727,3498732,rev,2,TTGGTTGTCGCA
3542989,3542977,3542982,fwd,2,AGATTGCGGGGC
