Suppl. Table 5. Protein-coding genes with a high number of pyrosequencing reads (â‰¥20) in the (+) cDNA population,,,,,,,,
,,,,,,,,
Legend,,,,,,,,
1,TSS: ,coordinates of the TSS,,,,,,
2,p-start: ,start coordinates of the -10 element ,,,,,,
3,p-end: ,end coordinates of the -10 element ,,,,,,
4, -10 element score: ,the score calculated for the -10 pattern,,,,,,
5,strand: ,the strand the feature is located on,,,,,,
6, -10 pattern: ,sequence of the -10 element,,,,,,
7,reads: ,the number of sequence reads that start on the TSS,,,,,,
8,locus tag,ID of locus tag,,,,,,
9,gene,"the name of the gene, if available",,,,,,
,,,,,,,,
,,,,,,,,
1 TSS,2 p-start,3 p-end,4 -10 element score,5 Strand,6  -10 pattern,7 reads,8 gene annotation,9 gene
3116774,3116780,3116785, 2.14941489085, rev, AAAACT,347, ssl1263,
873338,873345,873350, 4.19931668574, rev, TATATT,205, sll1120,
2221035,2221023,2221028, 4.65640388121, fwd, TAGAGT,201, slr1928,pilA5
2961082,2961070,2961075, 3.10237324004, fwd, TATGGT,184, slr0623,trxA
3313507,3313495,3313500, 6.9314168488, fwd, TACAAT,163, slr1463,fus
145673,145661,145666, 3.09254036944, fwd, TATTCT,163, slr0244,
1014490,1014498,1014503, 2.56894103996, rev, TAGTGT,151, sll1633,ftsZ
821908,821916,821921, 6.20770227814, rev, TAAGAT,149, ssl2084,acpP
1033844,1033832,1033837, 3.88973556072, fwd, GACAAT,147, slr1228,prfC
3182134,3182141,3182146, 4.84395400755, rev, TACTAT,146, sll0517,"rbp1,rbpA"
2046877,2046865,2046870, 5.18000321069, fwd, TATACT,142, slr1634,
831245,831252,831257, 7.13005402331, rev, TATAAT,137, sll1816,rps13
1827227,1827215,1827220, 4.05020023291, fwd, GAGAAT,134, slr1470,
1560330,1560317,1560322, 5.14183070838, fwd, TAGACT,131, slr2094,fbpI
1258333,1258340,1258345, 7.79990542161, rev, TAAAAT,122, sll2010,murD
636340,636328,636333, 4.86916808405, fwd, TAAATT,118, slr1020,sqdB
3338657,3338644,3338649, 7.13005402331, fwd, TATAAT,112, slr0661,proC
2886039,2886027,2886032, 6.9314168488, fwd, TACAAT,111, slr0082,
2504291,2504279,2504284, 7.091881521, fwd, TAGAAT,109, slr0213,guaA
2087244,2087252,2087257, 4.65640388121, rev, TAGAGT,109, sll0427,psb0
146868,146876,146881, 3.09254036944, rev, TATTCT,108, sml0003,psbM
983779,983767,983772, 3.58780006721, fwd, TATCCT,107, slr1545,sigG
2478259,2478246,2478251, 6.20770227814, fwd, TAAGAT,106, slr0009,rbcL
2287642,2287650,2287655, 5.84985460899, rev, TAAACT,105, ssl0563,psaC
1432973,1432980,1432985, 4.25765146552, rev, TAAGCT,104, sll1909,prmA
297981,297989,297994, 6.9314168488, rev, TACAAT,100, sll1194,psbU
1820085,1820092,1820097, 4.19931668574, rev, TATATT,95, sll1867,psbA3
2070935,2070923,2070928, 5.49967837752, fwd, TAGGAT,94, slr1645,"psb27, psbZ"
2860313,2860319,2860324, 5.33921370533, rev, TACCAT,92, ssl1533,
941641,941628,941633, 4.98136603618, fwd, TACACT,91, slr1834,psaA
727718,727724,727729, 5.36442778182, rev, TAAAGT,91, sll1577,cpcB
2024065,2024053,2024058, 6.9314168488, fwd, TACAAT,89, ssr1600,
957889,957877,957882, 3.76239176774, fwd, TAATCT,88, slr1841,
3404522,3404510,3404515, 4.25765146552, fwd, TAAGCT,88, slr1584,
1297553,1297560,1297565, 3.27696494057, rev, TAAGTT,85, sll1694,pilA1
2219261,2219249,2219254, 6.9314168488, fwd, TACAAT,79, slr1926,
2447422,2447409,2447414, 7.79990542161, fwd, TAAAAT,78, slr0354,
2468905,2468913,2468918, 7.091881521, rev, TAGAAT,76, sll0020,clpC
1052431,1052419,1052424, 5.95086921147, fwd, CAAAAT,76, ssr2062,
2831843,2831831,2831836, 2.60711354227, fwd, TATCTT,73, slr0827,
1284582,1284570,1284575, 4.00067951124, fwd, TACATT,72, slr1808,hemA
1167306,1167295,1167300, 5.71244258036, fwd, TAATAT,72, smr0009,psbN
2250210,2250197,2250202, 7.79990542161, fwd, TAAAAT,71, ssr3307,"secG, ycf47"
2290638,2290626,2290631, 5.14183070838, fwd, TAGACT,71, ssr0536,
2248539,2248526,2248531, 5.04259118206, fwd, TATTAT,69, slr1945,yib0
2050453,2050440,2050445, 4.69457638352, fwd, TATAGT,69, slr1638,
467159,467147,467152, 3.51539157168, fwd, CAAAGT,67, smr0005,psaM
3345806,3345814,3345819, 5.00441867975, rev, TAGTAT,65, sll0623,
2427930,2427937,2427942, 7.13005402331, rev, TATAAT,63, sll0325,
570602,570589,570594, 5.14183070838, fwd, TAGACT,62, ssr3451,psbE
3279185,3279193,3279198, 5.53785087983, rev, TATGAT,61, sll1342,gap2
2043865,2043873,2043878, 5.53785087983, rev, TATGAT,58, sll1535,rfbP
3475969,3475957,3475962, 6.9314168488, fwd, TACAAT,57, slr1667,
862322,862329,862334, 5.53785087983, rev, TATGAT,56, ssl2233,rps20
811296,811303,811308, 7.13005402331, rev, TATAAT,56, slr1146,
820062,820069,820074, 3.16602099005, rev, GAAGAT,53, sll1070,tktA
299115,299122,299127, 4.08837273522, rev, GATAAT,53, Norf1,Norf1
299452,299439,299444, 3.5496275649, fwd, TAGGCT,52, slr1299,
1548840,1548828,1548833, 7.79990542161, fwd, TAAAAT,52, slr2088,ilvG
2612752,2612740,2612745, 4.08837273522, fwd, GATAAT,51, slr0476,
618208,618214,618219, 3.5496275649, rev, TAGCCT,50, sll1835,
1997811,1997818,1997823, 4.25765146552, rev, TAACCT,50, ssl1762,
150489,150496,150501, 7.79990542161, rev, TAAAAT,50, sll0226,ycf4
615878,615865,615870, 5.95086921147, fwd, CAAAAT,50, slr1912,
2769102,2769089,2769094, 4.19931668574, fwd, TATATT,49, slr0898,nirA
987972,987979,987984, 5.53785087983, rev, TATGAT,47, ssl2823,
2299296,2299283,2299288, 5.00441867975, fwd, TAGTAT,44, slr0338,
809360,809368,809373, 5.18000321069, rev, TATACT,44, sll1074,leuS
2531640,2531648,2531653, 5.53785087983, rev, TATCAT,44, sll0195,
1427731,1427738,1427743, 5.53785087983, rev, TATGAT,43, sll1951,
1135216,1135204,1135209, 5.53785087983, fwd, TATGAT,42, ssr1480,rbp2
1325584,1325572,1325577, 4.25765146552, fwd, TAAGCT,42, slr1738,
2289679,2289667,2289672, 4.49593920901, fwd, TACAGT,42, slr0333,
3184700,3184687,3184692, 4.19931668574, fwd, TATATT,42, slr0528,murE
1239014,1239021,1239026, 3.58780006721, rev, TATCCT,42, sll1758,
2464332,2464339,2464344, 6.9314168488, rev, TACAAT,42, sll0022,
1974867,1974875,1974880, 5.71244258036, rev, TAATAT,41, sll1559,
298604,298611,298616, 5.49967837752, rev, TAGCAT,40, sll1193,
3516536,3516523,3516528, 5.84985460899, fwd, TAAACT,40, slr1176,glgC
3238302,3238310,3238315, 4.49593920901, rev, TACAGT,39, sll0897,dnaJ
596455,596442,596447, 5.04259118206, fwd, TATTAT,39, slr2051,cpcG1
2021057,2021064,2021069, 5.49967837752, rev, TAGGAT,39, sll0909,
615731,615739,615744, 6.20770227814, rev, TAAGAT,39, sll1837,
1985744,1985732,1985737, 5.49967837752, fwd, TAGGAT,39, slr1692,
1019660,1019648,1019653, 6.9314168488, fwd, TACAAT,38, slr1220,
2338596,2338584,2338589, 6.9314168488, fwd, TACAAT,38, slr0186,leuA
2992025,2992012,2992017, 2.60711354227, fwd, TATGTT,38, slr0110,
339638,339646,339651, 5.53785087983, rev, TATGAT,37, sll0928,apcD
2405336,2405343,2405348, 4.69457638352, rev, TATAGT,37, ssl1426,rpl35
1475529,1475518,1475523, 3.38916289271, fwd, TACGCT,37, slr1722,guaB
2471729,2471737,2471742, 6.20770227814, rev, TAAGAT,37, sll0018,"fbaA, fda"
1682329,1682337,1682342, 4.25765146552, rev, TAAGCT,37, sll1219,
941542,941530,941535, 2.60711354227, fwd, TATCTT,37, slr1834,psaA
1823194,1823202,1823207, 7.091881521, rev, TAGAAT,37, sll1388,
2549362,2549349,2549354, 7.091881521, fwd, TAGAAT,37, slr0434,efp
734945,734933,734938, 6.9314168488, fwd, TACAAT,37, slr1708,
3279336,3279323,3279328, 5.53785087983, fwd, TATGAT,36, slr1423,murC
862219,862226,862231, 7.091881521, rev, TAGAAT,36, ssl2233,rps20
117736,117743,117748, 6.9314168488, rev, TACAAT,36, sll0704,nifS
586780,586768,586773, 6.9314168488, fwd, TACAAT,35, ssr3467,
1610784,1610771,1610776, 6.20770227814, fwd, TAAGAT,35, slr1519,hglK
712803,712811,712816, 2.40847636776, rev, TACCTT,35, sll1283,spoIID
3235209,3235217,3235222, 5.18000321069, rev, TATACT,34, sll0899,glmU
565954,565941,565946, 6.20770227814, fwd, TAAGAT,33, slr2032,ycf23
2152662,2152669,2152674, 3.33997709268, rev, TATAAA,33, ssl0707,glnB
2375060,2375047,2375052, 4.86916808405, fwd, TAAATT,33, slr0373,
2176909,2176896,2176901, 3.39144180286, fwd, AAGAAT,33, slr0144,
2722282,2722289,2722294, 2.11185384449, rev, TATTTT,33, sll0188,
3546646,3546654,3546659, 5.53785087983, rev, TATGAT,33, sll0572,
927244,927250,927255, 5.53785087983, rev, TATGAT,32, sll1740,rpl19
4349,4357,4362, 4.98136603618, rev, TACACT,32, sll1214,ycf59
1897567,1897556,1897561, 6.20770227814, fwd, TAACAT,31, slr1530,
691284,691292,691297, 5.53785087983, rev, TATCAT,31, sll1292,
3140222,3140210,3140215, 4.08837273522, fwd, GATAAT,31, slr0022,
2098760,2098748,2098753, 5.00441867975, fwd, TAGTAT,31, slr0447,urtA
1116042,1116050,1116055, 4.75822413353, rev, GAAAAT,30, sll1270,bgtB
2735333,2735341,2735346, 7.091881521, rev, TAGAAT,30, sll0183,
1167287,1167294,1167299, 5.04259118206, rev, TATTAT,30, ssl2598,psbH
1261062,1261070,1261075, 5.49967837752, rev, TAGGAT,30, sll2008,
2939614,2939602,2939607, 5.36442778182, fwd, TAAAGT,30, slr0523,bioD
604782,604789,604794, 5.84985460899, rev, TAAACT,29, sll1931,glyA
3492038,3492045,3492050, 3.76239176774, rev, TAATCT,29, sll0444,
1607317,1607304,1607309, 5.36442778182, fwd, TAAAGT,29, slr1516,sodB
2804637,2804644,2804649, 4.35866606799, rev, CAAGAT,28, sll0554,ftrC
339650,339656,339661, 5.84985460899, rev, TAAACT,28, sll0928,apcD
1875001,1874990,1874995, 7.13005402331, fwd, TATAAT,28, slr1279,ndhC
1755526,1755514,1755519, 6.20770227814, fwd, TAAGAT,28, slr1957,
2390038,2390045,2390050, 3.88973556072, rev, GACAAT,28, sll0327,
3235409,3235397,3235402, 2.56894103996, fwd, TAGGTT,27, ssr1562,
343845,343833,343838, 7.091881521, fwd, TAGAAT,27, slr0975,
2814971,2814978,2814983, 7.79990542161, rev, TAAAAT,27, ssl1047,
3569623,3569611,3569616, 3.5496275649, fwd, TAGGCT,27, slr0608,hisIE
3118135,3118124,3118129, 4.08837273522, fwd, GATAAT,27, smr0003,petM
2464486,2464474,2464479, 4.25765146552, fwd, TAAGCT,26, slr0001,
553243,553251,553256, 6.20770227814, rev, TAAGAT,26, sml0005,psbK
1689984,1689971,1689976, 5.84985460899, fwd, TAAACT,25, slr0809,rfbB
1596776,1596763,1596768, 6.9314168488, fwd, TACAAT,25, slr1510,plsX
1268352,1268358,1268363, 6.20770227814, rev, TAAGAT,25, sml0007,psbY
2330409,2330417,2330422, 7.13005402331, rev, TATAAT,24, ssl0294,
568953,568960,568965, 5.36442778182, rev, TAAAGT,24, sll1945,
3140221,3140229,3140234, 5.04259118206, rev, TATTAT,24, sll0047,ycf12
126607,126596,126601, 5.49967837752, fwd, TAGGAT,23, slr0737,psaD
930004,930011,930016, 5.53785087983, rev, TATCAT,23, sll1739,
2831068,2831057,2831062, 3.42961430516, fwd, AATAAT,23, ssr1398,rpl33
1365572,1365579,1365584, 6.9314168488, rev, TACAAT,23, sll0837,
3201660,3201647,3201652, 5.49967837752, fwd, TAGGAT,23, slr0537,
3200901,3200908,3200913, 5.49967837752, rev, TAGGAT,23, sll0509,
1723066,1723073,1723078, 5.84985460899, rev, TAAACT,23, sll1260,rps20
2127654,2127661,2127666, 5.53785087983, rev, TATGAT,23, sll0260,
902350,902337,902342, 4.16114418343, fwd, TAGATT,23, slr1215,
1788390,1788398,1788403, 5.04259118206, rev, TATTAT,23, sll1885,
745148,745156,745161, 7.091881521, rev, TAGAAT,23, sll1926,
3318736,3318743,3318748, 5.53785087983, rev, TATGAT,22, sll1363,ilvC
2900872,2900860,2900865, 4.65640388121, fwd, TAGAGT,22, slr0093,dnaJ
2292187,2292174,2292179, 4.08837273522, fwd, GATAAT,21, slr0335,apcE
2582357,2582365,2582370, 7.13005402331, rev, TATAAT,21, sll0062,
2542773,2542760,2542765, 6.20770227814, fwd, TAAGAT,21, slr0431,
2021992,2021980,2021985, 5.49967837752, fwd, TAGGAT,21, slr0952,fbpII
2417269,2417277,2417282, 5.49967837752, rev, TAGGAT,21, sll0754,
3248009,3248017,3248022, 5.53785087983, rev, TATGAT,21, sll0533,tig
998959,998967,998972, 4.05020023291, rev, GAGAAT,21, sll1456,
336638,336645,336650, 4.69457638352, rev, TATAGT,21, ssl1784,rps15
1903945,1903952,1903957, 5.24284531085, rev, CAGAAT,20, sll1435,pet112
2542776,2542784,2542789, 3.10237324004, rev, TATGGT,20, sll0414,
3361998,3362005,3362010, 5.71244258036, rev, TAATAT,20, sll1498,carA
909528,909536,909541, 7.13005402331, rev, TATAAT,20, sll1968,pmgA
629366,629354,629359, 5.53785087983, fwd, TATCAT,20, slr1920,
1792688,1792695,1792700, 5.53785087983, rev, TATGAT,20, sll1883,argJ
1938922,1938910,1938915, 5.14183070838, fwd, TAGACT,20, slr1171,gpx1
2028843,2028831,2028836, 3.58780006721, fwd, TATGCT,20, slr0959,
3024345,3024352,3024357, 5.49967837752, rev, TAGGAT,20, sll0284,
1919816,1919823,1919828, 4.19931668574, rev, TATATT,20, sll1096,rps12
2526307,2526315,2526320, 5.33921370533, rev, TACCAT,20, sll0199,petE
